x,y,u,y.alt,u.alt
0.819628736,1.168320517,-0.241493851,1.603209517,0.193395149
0.726747037,1.529029264,0.165655745,1.116342406,-0.247031112
0.717963839,1.568014125,0.209032206,1.09137361,-0.26760831
0.205086045,0.902266038,-0.200276985,0.87457924,-0.227963782
0.98237975,1.867554636,0.376364761,1.934559467,0.443369592
0.523527117,1.277575986,0.015812428,0.798931882,-0.462831677
0.753438897,1.370172139,-0.00654731,1.853573671,0.476854223
0.888837557,1.704344203,0.259925425,1.206062422,-0.238356357
0.82006158,1.718669824,0.308639034,1.708947433,0.298916643
0.96930475,1.951272307,0.466619932,1.157657789,-0.326994586
0.954886004,1.816906468,0.339463466,1.389949312,-0.08749369
0.273294668,1.296609724,0.15996239,1.269479267,0.132831933
0.650310714,1.178995724,-0.146159633,0.852569042,-0.472586315
0.246079635,0.948957632,-0.174082185,1.185033993,0.061994176
0.131957974,0.629981767,-0.43599722,1.00963897,-0.056340017
0.215270419,1.023386643,-0.084248567,0.654140527,-0.453494683
0.337205355,1.100601439,-0.068001239,1.404357122,0.235754444
0.442607804,1.13034849,-0.090955412,1.566710593,0.345406691
0.939909736,1.85891398,0.388959112,1.743765887,0.273811019
0.106737141,0.765064005,-0.288304565,1.49627846,0.442909889
0.666977346,1.686939731,0.353451059,1.691515168,0.358026495
0.576413318,1.424219832,0.136013173,1.656175368,0.367968709
0.349006467,0.789109134,-0.3853941,1.026012955,-0.148490278
0.493678432,1.186115098,-0.060724119,1.328029042,0.081189826
0.255852112,0.757860487,-0.370065568,0.737197012,-0.390729044
0.638120056,1.623519601,0.304459573,1.7132821,0.394222071
0.541267531,1.156939702,-0.113694063,1.432979037,0.162345271
0.000863854,0.493290758,-0.507141169,1.420388379,0.419956452
0.859288894,1.620430182,0.190785735,1.543431033,0.113786586
0.074142655,0.585637819,-0.451433509,1.344940997,0.30786967
0.57634577,1.303449176,0.015276291,1.413551061,0.125378175
0.964935391,1.84506435,0.362596654,1.9401383,0.457670604
0.597739626,1.664396733,0.365526919,1.371237672,0.072367859
0.994637835,1.983198784,0.485879867,1.766339997,0.26902108
0.425723814,1.17994778,-0.032914128,0.978528093,-0.234333814
0.608023869,1.054356027,-0.249655908,0.927370916,-0.376641018
0.012500395,0.500734701,-0.505515497,0.600936445,-0.405313753
0.526771991,1.423015566,0.159629571,1.605077453,0.341691457
0.992044494,1.978455205,0.482432958,1.267626359,-0.228395889
0.406304815,0.974531334,-0.228621074,1.420440281,0.217287873
0.607026792,1.725945748,0.422432352,1.192604033,-0.110909363
0.274440005,1.223626286,0.086406284,0.809632684,-0.327587318
0.627475074,1.118680436,-0.195057102,1.109058143,-0.204679394
0.244455955,0.702528511,-0.419699467,1.143553446,0.021325468
0.012976612,0.532487231,-0.474001075,1.411590999,0.405102693
0.330412309,1.504470128,0.339263973,1.614830262,0.449624107
0.958401674,1.911709857,0.43250902,1.883228357,0.40402752
0.086780994,0.661790907,-0.38159959,0.926910102,-0.116480395
0.994376503,1.982493649,0.485305398,1.985207097,0.488018846
0.236412597,0.635525671,-0.482680627,1.294603701,0.176397402
0.768465273,1.650287098,0.266054462,1.262790278,-0.121442359
0.702186304,1.427096361,0.076003209,1.357891215,0.006798063
0.299522973,0.924567819,-0.225193667,1.52245248,0.372690994
0.5154794,1.384561617,0.126821917,1.394418187,0.136678487
0.459708002,1.072878352,-0.156975649,0.779814138,-0.450039863
0.639778859,1.597128813,0.277239383,0.895812273,-0.424077157
0.870447218,1.752907773,0.317684164,1.134267069,-0.30095654
0.531922995,1.268511483,0.002549986,1.700440385,0.434478888
0.771356545,1.408899334,0.023221062,1.868405812,0.48272754
0.883279933,1.472869523,0.031229557,1.505366324,0.063726358
0.279046118,0.993950544,-0.145572515,1.420200846,0.280677787
0.767846614,1.605764891,0.221841584,1.259840851,-0.124082456
0.373713389,1.113159501,-0.073697193,1.079100018,-0.107756676
0.342046186,0.882285154,-0.28873794,0.73604381,-0.434979283
0.491862201,1.115706885,-0.130224215,0.805286813,-0.440644288
0.027937576,0.522606245,-0.491362542,0.61208523,-0.401883558
0.209640785,1.197623266,0.092802874,0.903967151,-0.200853242
0.652263457,1.188450587,-0.137681141,1.524754603,0.198622875
0.349458351,0.994573234,-0.180155942,1.570327386,0.39559821
0.474491467,1.203288621,-0.033957112,1.721287413,0.48404168
0.214674486,0.919523626,-0.187813616,0.858863314,-0.248473929
0.934847005,1.928087843,0.460664341,1.402197399,-0.065226104
0.869152044,1.89179393,0.457217908,1.730843494,0.296267472
0.701196769,1.472713928,0.122115544,1.721414777,0.370816393
0.430529624,1.288537251,0.073272439,1.588627043,0.373362231
0.233501192,0.974771161,-0.141979435,0.661346579,-0.455404018
0.535288567,1.030495665,-0.237148618,1.396832506,0.129188222
0.082331104,0.568785611,-0.472379941,1.400957291,0.359791739
0.429322407,0.891442738,-0.323218466,1.425371461,0.210710257
0.463405504,1.459256375,0.227553623,0.78331201,-0.448390742
0.797041815,1.457139251,0.058618344,1.478101633,0.079580726
0.868087472,1.492650872,0.058607136,1.555304639,0.121260903
0.698817086,1.647534216,0.298125674,1.30315602,-0.046252523
0.696269736,1.50571801,0.157583142,1.613645511,0.265510643
0.277527491,0.805999514,-0.332764231,1.262503516,0.12373977
0.477468769,1.163063611,-0.075670773,1.572107298,0.333372914
0.240400059,0.762929106,-0.357270923,0.663906994,-0.456293036
0.092515821,0.844216281,-0.202041629,1.094980177,0.048722266
0.994054798,1.967360671,0.470333271,1.648891016,0.151863617
0.534677495,1.252605382,-0.014733365,1.650758029,0.383419282
0.094803905,0.858254479,-0.189147474,0.942092002,-0.10530995
0.154759538,0.999359667,-0.078020102,0.836801924,-0.240577845
0.457169359,1.34364537,0.11506069,0.795110604,-0.433474075
0.278988218,1.281877279,0.14238317,0.865521402,-0.273972707
0.595136231,1.021787589,-0.275780527,0.802697862,-0.494870253
0.798700219,1.467796061,0.068445952,1.030807507,-0.368542602
0.488038161,1.196112924,-0.047906156,1.217223916,-0.026795165
0.850200619,1.690244265,0.265143955,1.498889054,0.073788744
0.613007541,1.729110901,0.42260713,1.764552499,0.458048728
0.261923663,0.736615556,-0.394346276,0.649823704,-0.481138128
0.778572098,1.76478661,0.375500561,1.244181905,-0.145104144
0.223284939,0.743279283,-0.368363187,0.631107277,-0.480535193
0.05067059,0.558851588,-0.466483707,1.237625877,0.212290582
0.648009137,1.497019431,0.173014862,1.344529549,0.02052498
0.358567305,1.0300174,-0.149266253,1.10540903,-0.073874623
0.604347196,1.310298363,0.008124765,0.955865632,-0.346307966
0.029339377,0.721280636,-0.293389053,0.688351169,-0.326318519
0.003488145,0.494517603,-0.507226469,0.726207361,-0.275536711
0.23910314,0.93622809,-0.18332348,1.11364371,-0.00590786
0.992089247,1.981298692,0.485254068,1.409549319,-0.086495304
0.916197984,1.767445567,0.309346575,1.489855551,0.031756559
0.327026827,0.867719413,-0.295794001,1.170887071,0.007373658
0.021346139,0.659510615,-0.351162454,0.638696017,-0.371977053
0.159106409,0.731589973,-0.347963232,1.096749321,0.017196116
0.325588263,1.313441961,0.15064783,1.167748573,0.004954441
0.598019302,1.54055718,0.241547529,1.180406636,-0.118603015
0.534647893,1.335120804,0.067796857,1.209894741,-0.057429206
0.927442099,1.768038472,0.304317422,1.508310395,0.044589345
0.684554333,1.512585553,0.170308386,1.576157109,0.233879942
0.277441363,0.806584625,-0.332136057,1.36193113,0.223210448
0.827370394,1.729608762,0.315923565,1.494933411,0.081248213
0.294277878,0.925865939,-0.221273,1.634631223,0.487492284
0.015520766,0.533380524,-0.474379859,0.759224354,-0.248536029
0.03287635,0.581216899,-0.435221276,1.099934645,0.08349647
0.583055279,1.391318597,0.099790958,1.336674216,0.045146576
0.051971026,0.761661331,-0.264324182,1.49475745,0.468771938
0.569971312,1.347039443,0.062053787,1.24224283,-0.042742826
0.491479995,1.098220631,-0.147519367,0.966569725,-0.279170273
0.095303152,0.7399916,-0.307659976,1.042003181,-0.005648395
0.473505659,0.957479816,-0.279273013,0.783472481,-0.453280348
0.753383513,1.564676632,0.187984875,0.985399089,-0.391292667
0.915628831,1.941163393,0.483348977,1.433880185,-0.02393423
0.92200454,1.946598758,0.485596488,1.478906834,0.017904564
0.722837469,1.625676645,0.264257911,0.928173783,-0.433244952
0.340888286,1.039105945,-0.131338198,1.541259118,0.370814975
0.291082404,1.22467851,0.079137308,0.813985477,-0.331555725
0.030926836,0.589821214,-0.425642203,1.032782592,0.017319175
0.617761419,1.182343372,-0.126537337,0.985810266,-0.323070443
0.677744945,1.747309131,0.408436658,1.078017055,-0.260855418
0.294078722,1.312441102,0.165401741,1.350079876,0.203040515
0.710147697,1.702324911,0.347251063,1.099154324,-0.255919525
0.211317334,1.024903205,-0.080755462,1.377709251,0.272050584
0.925192446,1.95306923,0.490473008,1.568035335,0.105439112
0.784700863,1.623506656,0.231156224,1.2120897,-0.180260732
0.103427575,0.752027216,-0.299686571,1.005495735,-0.046218052
0.315596569,1.209756403,0.051958119,1.134498047,-0.023300237
0.271969341,0.807702728,-0.328281942,0.705192384,-0.430792287
0.833886507,1.540210813,0.12326756,1.359413567,-0.057529687
0.731955093,1.605493868,0.239516321,1.612725092,0.246747546
0.770894182,1.446905759,0.061458668,1.768347407,0.382900315
0.761067985,1.723865916,0.343331923,0.972011224,-0.408522768
0.942140173,1.906097135,0.435027048,1.327030475,-0.144039611
0.395790708,1.100861656,-0.097033698,1.128926477,-0.068968877
0.628301475,1.757817916,0.443667178,1.521407539,0.207256802
0.442777495,1.172634899,-0.048753849,1.167158802,-0.054229946
0.478044244,1.243226365,0.004204243,0.840387971,-0.398634151
0.966102277,1.781764686,0.298713548,1.319253541,-0.163797597
0.711876884,1.1809226,-0.175015842,1.149125725,-0.206812717
0.287505247,1.181671334,0.03791871,0.853426498,-0.290326125
0.567333902,1.045369954,-0.238296997,1.305764304,0.022097353
0.388733662,0.815949642,-0.378417189,1.546346708,0.351979877
0.033388477,0.673405079,-0.34328916,0.808972435,-0.207721803
0.105596488,0.646278546,-0.406519698,1.068313889,0.015515645
0.983032154,1.946976901,0.455460824,1.376062644,-0.115453433
0.956648229,1.856968826,0.378644712,1.686833309,0.208509194
0.078704559,0.54904767,-0.490304609,1.011656972,-0.027695307
0.909394049,1.914118259,0.459421235,1.043774385,-0.410922639
0.368676047,1.097598968,-0.086739055,1.286293285,0.101955262
0.783968014,1.606723481,0.214739474,1.686010058,0.294026051
0.466642615,1.564639829,0.331318521,1.562355801,0.329034494
0.072822409,0.60527102,-0.431140185,1.136101263,0.099690058
0.649501529,1.365159591,0.040408826,1.281467595,-0.043283169
0.032856459,0.687350005,-0.329078225,0.547835114,-0.468593116
0.090170238,0.995569847,-0.049515272,1.044359564,-0.000725555
0.657578339,0.988245495,-0.340543674,1.196653897,-0.132135272
0.205307175,1.225981503,0.123327915,1.153399354,0.050745766
0.153280695,0.731119742,-0.345520606,1.289320391,0.212680044
0.533624663,1.282023415,0.015211083,1.662048026,0.395235695
0.755582247,1.655049373,0.27725825,1.249295285,-0.128495838
0.578469141,1.381337653,0.092103082,0.945001792,-0.344232779
0.109977655,0.702452571,-0.352536256,1.076864773,0.021875946
0.253875205,1.153690002,0.026752399,1.409622794,0.282685191
0.476628634,1.358990076,0.120675759,1.661510848,0.423196531
0.14713593,0.619363948,-0.454204017,0.665567886,-0.408000079
0.892346494,1.784602561,0.338429314,1.129142387,-0.31703086
0.31490931,0.931150544,-0.226304111,0.88530707,-0.272147585
0.694998564,1.04542487,-0.302074412,1.557875973,0.210376691
0.234028133,0.640821649,-0.476192418,1.24903058,0.132016513
0.70241495,1.714899981,0.363692506,1.651378557,0.300171082
0.883907159,1.376817298,-0.065136282,1.470102691,0.028149111
0.827964584,1.370242464,-0.043739828,1.312223983,-0.101758309
0.675593863,1.484238924,0.146441993,1.552943496,0.215146565
0.126682628,0.807837069,-0.255504245,1.038366498,-0.024974816
0.733330081,1.595371618,0.228706577,1.309709452,-0.056955588
0.287443655,1.043941577,-0.099780251,1.517599521,0.373877694
0.207063079,0.900785176,-0.202746363,1.590254028,0.486722488
0.26560424,0.822572881,-0.310229239,1.2716602,0.13885808
0.118187386,0.595652179,-0.463441514,1.091470988,0.032377295
0.195228038,0.656670677,-0.440943341,1.229096598,0.131482579
0.978593494,1.958809391,0.469512644,1.706471506,0.21717476
0.723246112,1.596254365,0.234631309,1.54488831,0.183265254
0.675144655,1.632372994,0.294800666,0.927590985,-0.409981342
0.988564298,1.976600597,0.482318448,1.722982501,0.228700352
0.586560264,1.606460734,0.313180602,1.071300537,-0.221979595
0.01541634,0.550948688,-0.456759482,0.587768179,-0.419939991
0.766597701,1.535220666,0.151921815,0.973777059,-0.409521791
0.905484513,1.682166442,0.229424186,1.739700457,0.286958201
0.950695212,1.897886581,0.422538975,1.511397633,0.036050027
0.183809339,0.789302753,-0.302601916,0.686791389,-0.40511328
0.825883587,1.76945625,0.356514457,1.321798689,-0.091143104
0.914197664,1.320219527,-0.136879305,1.90529802,0.448199187
0.091373847,0.807325283,-0.23836164,0.639942385,-0.405744538
0.238602144,0.748978773,-0.370322299,0.668070427,-0.451230645
0.503155788,0.846281815,-0.405296079,1.744340122,0.492762228
0.545230563,1.403775738,0.131160456,1.456119296,0.183504014
0.587163211,1.350925132,0.057343526,0.874161757,-0.419419848
0.441538544,1.44671635,0.225947078,0.72144103,-0.499328242
0.800492826,1.579890707,0.179644294,1.785251032,0.385004619
0.364482568,1.025166851,-0.157074433,0.881434548,-0.300806736
0.756548996,1.770804811,0.392530313,1.036740776,-0.341533722
0.337517227,1.077739894,-0.091018719,1.472620493,0.30386188
0.320196495,0.887588965,-0.272509282,1.527638987,0.367540739
0.635775285,1.676701636,0.358813993,0.86914914,-0.448738502
0.86787544,1.566827328,0.132889607,1.180159944,-0.253777776
0.909740553,1.773299416,0.318429139,1.419989272,-0.034881005
0.616896006,1.295575789,-0.012872214,1.45325387,0.144805867
0.132946888,0.68734416,-0.379129284,0.791656327,-0.274817117
0.405026592,0.982196594,-0.220316702,1.662277852,0.459764556
0.879876063,1.853246406,0.413308375,1.25271525,-0.187222782
0.71702767,1.35398672,-0.004527115,1.190226859,-0.168286976
0.575805115,1.634373857,0.346471299,0.924106146,-0.363796411
0.06809205,0.678649969,-0.355396055,1.353280418,0.319234394
0.069984949,0.531674883,-0.503317591,1.350520189,0.315527714
0.156187209,0.977113699,-0.100979905,1.206497774,0.12840417
0.339768255,1.030000155,-0.139883972,1.578574738,0.40869061
0.896350493,1.710796053,0.262620807,1.084834,-0.363341247
0.188155318,0.849850871,-0.244226788,0.606639496,-0.487438163
0.486344158,0.925754489,-0.31741759,1.586136218,0.342964139
0.94620084,1.889345294,0.416244874,1.818800004,0.345699584
0.541216919,1.573900277,0.303291818,1.280644627,0.010036167
0.036082627,0.560069326,-0.457971988,1.161554078,0.143512765
0.573197607,1.539558756,0.252959952,1.180471612,-0.106127192
0.10910461,0.69785222,-0.356700085,0.558958992,-0.495593313
0.661429358,1.465876947,0.135162268,1.204387763,-0.126326916
0.930886024,1.668285309,0.202842297,1.635667858,0.170224846
0.893599931,1.771008824,0.324208859,1.284513997,-0.162285968
0.761441766,1.729074383,0.3483535,0.939913215,-0.440807668
0.752809842,1.629915216,0.253510295,0.91699256,-0.459412361
0.360604512,1.356467667,0.176165411,1.366849904,0.186547648
0.628183159,1.594362728,0.280271149,1.535793947,0.221702368
0.863470002,1.493787451,0.06205245,1.407159407,-0.024575594
0.450997226,1.499130352,0.273631739,1.427599152,0.202100539
0.144141111,0.879475599,-0.192594956,1.077910147,0.005839592
0.684789122,1.535962976,0.193568415,1.598674338,0.256279777
0.219583084,0.80380355,-0.305987992,1.061181209,-0.048610334
0.136902485,0.849154932,-0.21929631,0.99531232,-0.073138923
0.129107625,0.874878374,-0.189675439,1.377600644,0.313046831
0.772964447,1.726616519,0.340134295,1.562704867,0.176222643
0.841906345,1.742673887,0.321720715,1.12768053,-0.293272642
0.392983195,1.475022318,0.278530721,0.798123204,-0.398368393
0.271988931,1.204521088,0.068526622,1.218980425,0.08298596
0.244605765,0.714128663,-0.40817422,0.936467241,-0.185835642
0.469027402,1.288637167,0.054123466,1.006707667,-0.227806034
0.364281244,0.97111866,-0.211021962,1.194786516,0.012645894
0.136078935,0.616386387,-0.451653081,1.146887845,0.078848378
0.667491116,1.262533679,-0.071211879,1.23203509,-0.101710468
0.378265803,1.254337019,0.065204117,0.721388504,-0.467744397
0.619093426,1.195644103,-0.11390261,1.54618922,0.236642507
0.521583401,1.611961824,0.351170124,1.279945441,0.019153741
0.31497045,1.0232518,-0.134233425,1.566613481,0.409128256
0.031188536,0.563357747,-0.452236521,1.286231719,0.270637451
0.354095875,1.386001558,0.20895362,1.546675532,0.369627595
0.395280056,1.125012061,-0.072627967,1.420227988,0.22258796
0.005542784,0.505292182,-0.49747921,0.500070058,-0.502701334
0.351917625,1.141542615,-0.034416197,1.268639064,0.092680251
0.478686867,1.148117232,-0.091226202,1.432973689,0.193630255
0.804267004,1.731715295,0.329581793,1.022021867,-0.380111635
0.639547024,1.079198223,-0.240575289,1.074327887,-0.245445624
0.016517144,0.530708235,-0.477550338,1.325439193,0.317180621
0.433083208,1.226085817,0.009544213,0.993029607,-0.223511997
0.907719879,1.73826303,0.28440309,1.881375368,0.427515428
0.112646964,0.563222938,-0.493100544,0.591722803,-0.464600679
0.871582591,1.681674764,0.245883469,1.11673147,-0.319059826
0.369998726,1.277144299,0.092144936,1.011174925,-0.173824438
0.572434815,1.538293896,0.252076489,0.897393261,-0.388824146
0.996492358,1.889882943,0.391636764,1.687814324,0.189568145
0.515633693,1.231395737,-0.02642111,1.130959586,-0.126857261
0.856513267,1.876552304,0.448295671,1.197327166,-0.230929468
0.220874928,0.668932714,-0.44150475,1.060688793,-0.049748671
0.548991646,1.001723742,-0.272772081,1.616197971,0.341702148
0.199402384,1.280899436,0.181198244,1.023478036,-0.076223156
0.510208552,1.468998484,0.213894208,0.918327882,-0.336776394
0.125361795,0.581132817,-0.481548081,1.17737313,0.114692232
0.794890925,1.344326247,-0.053119216,0.922027079,-0.475418383
0.819011312,1.841006685,0.431501029,0.991902173,-0.417603483
0.976711527,1.918249664,0.4298939,1.665527847,0.177172084
0.590663123,1.257823929,-0.037507632,1.001452218,-0.293879344
0.692594759,1.33536213,-0.010935249,1.75837191,0.412074531
0.310260186,0.815402542,-0.339727552,1.443454759,0.288324665
0.250661691,1.12812735,0.002796505,0.752444376,-0.372886469
0.098824823,0.724223289,-0.325189123,0.997995609,-0.051416803
0.265109876,0.72144663,-0.411108308,1.162194926,0.029639988
0.508094181,1.135297071,-0.11875002,0.857103986,-0.396943104
0.97313879,1.960093965,0.47352457,1.742406285,0.25583689
0.12685055,0.60992652,-0.453498755,1.532738048,0.469312773
0.544688779,1.483966628,0.211622238,1.278285041,0.005940651
0.887262026,1.77545265,0.331821637,1.8348266,0.391195587
0.316007578,1.153492214,-0.004511575,1.416599702,0.258595913
0.177132874,0.785845034,-0.302721403,1.152935603,0.064369165
0.54561694,1.651766687,0.378958217,0.857961136,-0.414847334
0.99377883,1.930222691,0.433333276,1.817407557,0.320518142
0.034128254,0.760585426,-0.256478701,1.172634543,0.155570416
0.053750321,0.560924273,-0.465950887,0.997867098,-0.029008062
0.11909052,1.167475363,0.107930103,1.479318318,0.419773058
0.785115419,1.793984422,0.401426713,1.495785958,0.103228248
0.082040307,0.648586043,-0.39243411,0.861947588,-0.179072565
0.818575266,1.559674689,0.150387056,0.943887734,-0.4653999
0.697596472,1.632822114,0.284023878,1.570427183,0.221628947
0.423374305,1.49080165,0.279114498,1.402521083,0.190833931
0.203787678,0.728568528,-0.373325311,1.043952146,-0.057941693
0.579258134,1.256354784,-0.033274283,1.382195563,0.092566496
0.690974969,1.296141284,-0.049346201,1.081816898,-0.263670587
0.75792221,1.706683551,0.327722446,1.564793161,0.185832056
0.719170085,1.552795744,0.193210702,1.41363182,0.054046777
0.846194005,1.674786142,0.25168914,1.266962641,-0.156134361
0.585291371,1.489277249,0.196631564,1.374678205,0.082032519
0.728358533,1.760155897,0.395976631,1.174099779,-0.190079488
0.647616637,1.48082759,0.157019271,0.903393381,-0.420414937
0.683659487,1.306824734,-0.035005009,1.185672187,-0.156157556
0.218265136,0.730863821,-0.378268747,1.022245612,-0.086886956
0.098175069,0.708838091,-0.340249444,1.49792269,0.448835156
0.959312223,1.903805673,0.424149562,1.567172623,0.087516512
0.550614984,1.090811392,-0.1844961,1.757250987,0.481943495
0.565099404,1.191317198,-0.091232504,1.37246043,0.089910728
0.907635915,1.848579306,0.394761348,1.259996522,-0.193821435
0.87632567,1.825259029,0.387096194,1.101524003,-0.336638832
0.07812927,0.856715729,-0.182348906,0.559558825,-0.47950581
0.348238869,1.363696534,0.1895771,1.331380036,0.157260602
0.794648301,1.261623958,-0.135700192,1.583300223,0.185976072
0.364044312,0.845474178,-0.336547978,1.519653911,0.337631755
0.500524923,0.817567349,-0.432695113,1.646492174,0.396229713
0.109235212,0.722152349,-0.332465257,0.870024489,-0.184593117
0.336597339,1.196720825,0.028422156,1.034695035,-0.133603635
0.178331747,0.70933584,-0.379830033,1.067492827,-0.021673046
0.659901391,1.630331748,0.300381052,1.724004213,0.394053518
0.208842495,0.802660678,-0.301760569,1.062396804,-0.042024443
0.332752188,1.225976673,0.059600579,0.789706585,-0.376669509
0.575109011,1.495212842,0.207658337,0.875166428,-0.412388077
0.07355751,0.626877082,-0.409901673,0.819533963,-0.217244792
0.453119435,1.33189945,0.105339732,1.011045665,-0.215514052
0.927579811,1.841482296,0.37769239,1.452611787,-0.011178119
0.308688984,1.034421063,-0.119923429,1.336554991,0.182210499
0.966090255,1.828040701,0.344995573,1.43355146,-0.049493667
0.824193751,1.82580558,0.413708704,1.172468961,-0.239627915
0.727941332,1.370933651,0.006962985,0.972501407,-0.391469259
0.091932912,0.578746813,-0.467219644,1.066887156,0.0209207
0.622875649,1.185618043,-0.125819782,0.970488706,-0.340949118
0.240307469,0.852341375,-0.267812359,1.208316937,0.088163203
0.372045689,1.288847095,0.10282425,1.087658617,-0.098364228
0.464685422,1.154686895,-0.077655815,1.147743548,-0.084599163
0.466973189,0.942886761,-0.290599834,1.178442783,-0.055043812
0.467880915,1.222918056,-0.011022402,1.273633018,0.03969256
0.30350895,1.146598172,-0.005156303,0.701583173,-0.450171303
0.10894332,1.150139435,0.095667775,0.950872897,-0.103598763
0.346684465,1.270211581,0.096869348,0.962378947,-0.210963286
0.682900573,1.441255362,0.099805075,1.456327748,0.114877461
0.624615038,1.365198754,0.052891235,1.181624201,-0.130683318
0.089521208,0.833201452,-0.211559152,1.033649185,-0.011111419
0.448243303,1.014869527,-0.209252125,1.350515308,0.126393657
0.114081009,0.797644115,-0.25939639,0.858540358,-0.198500147
0.759604339,1.385684454,0.005882284,1.57323401,0.19343184
0.534731761,0.85373113,-0.41363475,1.279322749,0.011956869
0.120797075,0.750425044,-0.309973493,1.46101675,0.400618213
0.619979595,1.574968921,0.264979124,0.959939309,-0.350050488
0.376412892,1.250077663,0.061871217,1.647520962,0.459314516
0.876324447,1.875224423,0.4370622,1.338367938,-0.099794286
0.849429387,1.532440207,0.107725514,1.768884106,0.344169412
0.515181959,0.885747317,-0.371843663,1.299872599,0.04228162
0.948576609,1.92013216,0.445843856,1.926047654,0.451759349
0.419832256,0.940400048,-0.26951608,1.313509704,0.103593576
0.881613677,1.865343724,0.424536886,1.463985448,0.023178609
0.322261876,1.107394111,-0.053736827,1.592634878,0.43150394
0.342423873,1.149767518,-0.021444418,0.691098467,-0.480113469
0.021953052,0.617005636,-0.39397089,0.692663611,-0.318312916
0.511785797,1.013503117,-0.242389781,0.781863232,-0.474029667
0.02134912,0.719574806,-0.291099754,0.763021992,-0.247652569
0.479584285,1.251678128,0.011885985,1.522681509,0.282889366
0.950293312,1.847713135,0.372566478,1.015343132,-0.459803524
0.782486972,1.114117786,-0.2771257,1.873577444,0.482333958
0.421773247,0.944006419,-0.266880205,1.012796927,-0.198089696
0.466499097,1.02211813,-0.211131418,1.179764343,-0.053485205
0.019560812,0.521670918,-0.488109488,1.413529064,0.403748658
0.660434473,1.420390814,0.090173577,0.938332382,-0.391884854
0.589529935,1.204280642,-0.090484325,1.267026234,-0.027738733
0.717220322,1.679134128,0.320523967,1.714558099,0.355947938
0.412414553,1.096312129,-0.109895147,0.961843373,-0.244363904
0.730489377,1.213279281,-0.151965408,0.936003101,-0.429241588
0.856883213,1.747508924,0.319067317,1.235088535,-0.193353071
0.49180402,1.593760993,0.347858983,1.735202984,0.489300974
0.710261158,1.591469591,0.236339012,1.848297692,0.493167113
0.772144401,1.443825378,0.057753177,1.54956513,0.163492929
0.942288244,1.956689568,0.485545446,1.770495441,0.29935132
0.054787053,0.706548957,-0.32084457,0.969244964,-0.058148562
0.68618753,1.352597927,0.009504162,1.074143236,-0.268950529
0.323827701,0.983280358,-0.178633492,1.403625216,0.241711366
0.014884405,0.646276544,-0.361165659,1.156462294,0.149020092
0.955390564,1.691364822,0.21366954,1.190003548,-0.287691734
0.492876612,1.580929654,0.334491348,0.868095598,-0.378342708
0.254557529,0.759010442,-0.368268323,0.676372673,-0.450906091
0.370592433,1.353804932,0.168508715,1.319307211,0.134010995
0.443154468,1.58824669,0.366669456,1.370547234,0.14897
0.010287216,0.545904484,-0.459239124,1.279251342,0.274107734
0.192997743,0.606596506,-0.489902366,0.809760245,-0.286738627
0.431998104,1.311962316,0.095963265,1.596226994,0.380227942
0.564186107,1.376372899,0.094279846,1.172525498,-0.109567555
0.492909457,1.018416695,-0.228038033,1.452889487,0.206434758
0.493077564,1.023752865,-0.222785917,1.066196707,-0.180342075
0.276776637,1.312830518,0.174442199,1.07195668,-0.066431638
0.056752551,0.764437294,-0.263938982,1.022839427,-0.005536849
0.642064271,1.707043531,0.386011396,1.18518094,-0.135851195
0.022985614,0.601174683,-0.410318124,1.269406438,0.257913632
0.097386361,0.580681931,-0.468011249,1.404636679,0.355943499
0.714698201,1.552313143,0.194964043,1.012617232,-0.344731868
0.800657941,1.71295259,0.31262362,0.985759006,-0.414569964
0.947473669,1.930204667,0.456467832,1.951778178,0.478041343
0.104696118,1.150951406,0.098603347,0.633696566,-0.418651493
0.427016436,1.349050607,0.135542389,1.028108258,-0.18539996
0.233499842,0.729993365,-0.386756556,1.129705558,0.012955637
0.648720185,1.7212556,0.396895507,1.464497272,0.14013718
0.557016216,1.002967053,-0.275541055,1.599109932,0.320601824
0.202501513,0.907442324,-0.193808432,0.80232771,-0.298923046
0.302356934,1.496658526,0.345480059,1.324584123,0.173405655
0.844533954,1.589160859,0.166893882,1.280412941,-0.141854035
0.585835934,1.338616683,0.045698716,1.777463362,0.484545395
0.146102461,0.602337371,-0.47071386,0.734532894,-0.338518337
0.591052873,1.594060006,0.29853357,1.499265209,0.203738772
0.55625817,1.109264547,-0.168864538,0.832189202,-0.445939883
0.186180496,1.043221792,-0.049868456,1.043190129,-0.04990012
0.632754977,1.257046607,-0.059330882,1.493429008,0.17705152
0.136015635,0.627084239,-0.440923578,1.381870148,0.313862331
0.258629884,0.657161128,-0.472153814,1.404117665,0.274802723
0.881014987,1.854835076,0.414327583,1.147542387,-0.292965106
0.61127001,1.055701926,-0.249933079,0.928411302,-0.377223703
0.181614489,1.013585566,-0.077221678,1.036153984,-0.05465326
0.068789117,0.539851455,-0.494543104,1.265564812,0.231170253
0.076318917,0.612553311,-0.425606147,0.639575981,-0.398583478
0.004548851,0.517995878,-0.484278548,1.211404626,0.2091302
0.544119059,1.509926235,0.237866706,1.177350155,-0.094709374
0.193738081,1.16741505,0.07054601,1.201809246,0.104940206
0.321586169,1.240010811,0.079217727,1.293005324,0.13221224
0.408058433,1.120813326,-0.08321589,1.633258979,0.429229763
0.265989546,1.045075555,-0.087919218,0.762082445,-0.370912328
0.584751356,1.355825238,0.06344956,0.916564527,-0.375811151
0.474106169,1.334989579,0.097936495,1.05384699,-0.183206094
0.237659834,1.302133015,0.183303098,1.445569878,0.326739961
0.629503098,1.652407536,0.337655987,0.884875947,-0.429875601
0.049129989,0.643533633,-0.381031361,1.215237981,0.190672986
0.297110666,1.326929433,0.1783741,0.764932352,-0.383622981
0.548208054,1.435789158,0.161685131,1.130918275,-0.143185752
0.126256568,0.797892234,-0.26523605,0.748912541,-0.314215744
0.432666651,1.040337198,-0.175996128,1.611162927,0.394829602
0.567870462,1.442736485,0.158801255,0.979464135,-0.304471096
0.34114582,0.867413158,-0.303159752,1.110081543,-0.060491367
0.793631517,1.66657146,0.269755701,1.159531621,-0.237284137
0.41734195,0.910088301,-0.298582674,0.728976075,-0.4796949
0.996018773,1.963403103,0.465393716,1.970580258,0.472570872
0.795721183,1.524233687,0.126373096,1.496286351,0.098425759
0.207677371,1.121438681,0.017599995,0.806328267,-0.297510418
0.767490885,1.486098384,0.102352942,1.534389874,0.150644432
0.468301753,1.270845213,0.036694337,1.547144842,0.312993965
0.061920391,0.809880122,-0.221080074,1.350244091,0.319283896
0.396749013,1.550562016,0.35218751,1.329926441,0.131551934
0.581966085,1.424564291,0.133581249,1.186054693,-0.104928349
0.481568692,1.268249996,0.02746565,1.190425874,-0.050358472
0.54885831,1.302239789,0.027810634,1.219023814,-0.055405341
0.712726161,1.785195785,0.428832705,1.323762045,-0.032601036
0.332269983,1.029420082,-0.13671491,1.574673161,0.408538169
0.751266105,1.655703614,0.280070562,0.917006408,-0.458626645
0.660556884,1.701394454,0.371116012,1.061299091,-0.268979351
0.790625324,1.696025181,0.300712519,1.212822251,-0.182490411
0.546158924,1.291723537,0.018644075,1.579947395,0.306867933
0.680091868,1.675724187,0.335678253,1.263627287,-0.076418647
0.10491759,0.553215018,-0.499243777,0.68314927,-0.369309524
0.049611131,0.718821536,-0.305984029,0.728288403,-0.296517163
0.054080515,0.611355897,-0.41568436,1.407456124,0.380415866
0.721305121,1.347781233,-0.012871327,1.389155999,0.028503438
0.415207064,0.83490145,-0.372702082,0.777380974,-0.430222558
0.863226028,1.772332613,0.340719599,1.252488128,-0.179124886
0.967862268,1.934437618,0.450506484,1.526954799,0.043023665
0.383184587,0.865640365,-0.325951928,1.244353791,0.052761497
0.40657728,1.011417191,-0.191871449,0.856277986,-0.347010654
0.740346287,1.337514243,-0.0326589,1.819741762,0.449568619
0.41818356,1.441664702,0.232572922,1.580583629,0.371491849
0.775008136,1.77280973,0.385305662,1.349129345,-0.038374723
0.117016677,1.184923908,0.12641557,1.4052947,0.346786362
0.043423675,0.649549761,-0.372162076,1.035824468,0.014112631
0.821071295,1.831000428,0.42046478,1.364880305,-0.045655342
0.229852821,0.655798103,-0.459128308,1.335765254,0.220838843
0.464229651,0.893692812,-0.338422013,1.564840685,0.332725859
0.273052913,1.203913637,0.06738718,0.81157512,-0.324951337
0.1596351,0.819490177,-0.260327373,0.799186087,-0.280631463
0.46553313,1.137008221,-0.095758345,0.826765134,-0.406001431
0.487127433,1.334779726,0.09121601,1.463607177,0.22004346
0.85421943,1.767308468,0.340198753,1.147627131,-0.279482585
0.831001173,1.392398143,-0.023102444,1.711992313,0.296491727
0.356365905,1.032960947,-0.145222005,1.07267289,-0.105510063
0.72158056,1.656638579,0.295848299,1.429759934,0.068969654
0.539853442,1.681811394,0.411884673,1.373111662,0.103184941
0.065519741,0.801603774,-0.231156097,1.098767751,0.06600788
0.713021241,1.500969929,0.144459308,1.659547984,0.303037363
0.408094889,1.376314604,0.17226716,1.520370022,0.316322577
0.157560811,1.076297723,-0.002482682,0.838004003,-0.240776403
0.58342281,1.200330812,-0.091380593,1.681661285,0.38994988
0.721786084,1.505004635,0.144111593,1.430125919,0.069232877
0.792854392,1.568002205,0.171575009,1.39289268,-0.003534516
0.443297453,0.831811869,-0.389836858,0.775744653,-0.445904074
0.606102144,1.339278023,0.036226951,1.644657663,0.341606591
0.649773585,1.303935973,-0.02095082,1.266317137,-0.058569655
0.946128141,1.815538384,0.342474314,1.11141495,-0.361649121
0.244003769,1.120833046,-0.001168838,0.904866159,-0.217135726
0.662349276,1.131338256,-0.199836382,1.405118886,0.073944248
0.030207605,0.523375524,-0.491728278,1.336306577,0.321202775
0.159174731,0.86762152,-0.211965846,0.696266041,-0.383321325
0.884377292,1.314598951,-0.127589695,1.444787789,0.002599143
0.610628036,1.221061632,-0.084252386,0.819553258,-0.48576076
0.153887676,0.699679838,-0.377264,0.956664942,-0.120278896
0.335250559,1.221664372,0.054039093,0.747273296,-0.420351984
0.170893242,0.791924189,-0.293522432,1.354348559,0.268901938
0.954551712,1.903289907,0.426014051,1.950938716,0.47366286
0.970396904,1.9397966,0.454598148,1.014745641,-0.470452812
0.10983836,0.552662007,-0.502257173,1.42218908,0.367269899
0.856665487,1.821176278,0.392843534,0.941350492,-0.486982251
0.058462755,0.599662783,-0.429568595,1.22471799,0.195486612
0.594592357,1.510181178,0.212884999,1.501844107,0.204547928
0.207396658,0.881977958,-0.221720371,1.422668532,0.318970203
0.256490335,0.991365892,-0.136879275,1.234214975,0.105969808
0.682908729,1.704523734,0.363069369,1.247345021,-0.094109344
0.040843608,0.565156275,-0.455265529,0.549062526,-0.471359278
0.708517547,1.641947485,0.287688712,0.852993973,-0.501264801
0.06305505,0.613846911,-0.417680614,0.797506936,-0.234020589
0.701846955,1.32386298,-0.027060497,1.796396777,0.4454733
0.675255409,1.655328614,0.31770091,1.317926235,-0.019701469
0.815942923,1.057953709,-0.350017753,1.680344371,0.272372909
0.2731834,0.691129552,-0.445462148,1.028142551,-0.108449149
0.623675872,1.454535337,0.142697401,1.055615552,-0.256222384
0.061605554,0.634703378,-0.396099399,0.866537749,-0.164265028
0.695432069,1.146596969,-0.201119066,1.508766689,0.161050654
0.147133119,0.749832781,-0.323733778,0.932260135,-0.141306425
0.126635178,1.098098456,0.034780867,1.27677912,0.213461531
0.427533721,1.40659753,0.19283067,1.203733799,-0.010033061
0.179468934,0.672887605,-0.416846862,0.87827971,-0.211454757
0.525549297,1.110763906,-0.152010742,1.250548452,-0.012226196
0.497252032,0.997661264,-0.250964752,0.921870504,-0.326755512
0.738379671,1.654282103,0.285092267,1.698535657,0.329345821
0.862331712,1.464245936,0.033080081,0.987582567,-0.443583289
0.545732846,1.126878914,-0.145987509,0.952011023,-0.320855401
0.487073264,1.479044051,0.235507419,0.836398586,-0.407138046
0.943992194,1.957796124,0.485800027,1.581237008,0.109240911
0.935414237,1.935947525,0.468240407,1.930208662,0.462501543
0.631059819,1.488220023,0.172690114,1.476815081,0.161285172
0.263780649,0.7792903,-0.352600025,1.407321228,0.275430903
0.936207004,1.902281912,0.43417841,1.640002018,0.171898516
0.309653585,0.857887402,-0.29693939,1.526802539,0.371975747
0.465768186,1.076746959,-0.156137134,1.693480944,0.460596851
0.622838503,1.143941764,-0.167477487,1.681394975,0.369975723
0.608327445,1.065866033,-0.23829769,1.75576921,0.451605487
0.09295437,0.950257018,-0.096220167,0.862281399,-0.184195786
0.002929546,0.516042664,-0.485422109,0.617474144,-0.383990629
0.405507881,1.398068358,0.195314418,1.530790854,0.328036913
0.648763671,1.424252376,0.099870541,1.811940509,0.487558673
0.902929206,1.808646738,0.357182134,1.839023284,0.387558681
0.205372347,0.663279315,-0.439406859,0.837889287,-0.264796887
0.709034927,1.486324042,0.131806579,0.939784472,-0.414732991
0.212828719,0.854217542,-0.252196818,0.828259749,-0.27815461
0.513246654,1.565537103,0.308913776,1.524272402,0.267649074
0.632053243,1.306608378,-0.009418243,1.576959247,0.260932626
0.797678363,1.523964602,0.12512542,1.246971186,-0.151867995
0.02594854,0.506832249,-0.506142021,0.574857749,-0.438116521
0.735565126,1.38581161,0.018029047,1.070209121,-0.297573442
0.634487484,1.147147528,-0.170096215,0.840085378,-0.477158365
0.41441967,0.953054002,-0.254155834,0.927702408,-0.279507427
0.049982841,0.602790615,-0.422200805,1.009270543,-0.015720878
0.353533668,0.850662536,-0.326104298,0.803851251,-0.372915582
0.317626685,0.927309746,-0.231503596,0.968152075,-0.190661268
0.218362872,0.918767876,-0.19041356,1.035398748,-0.073782688
0.348761093,1.319957589,0.145577042,1.434543755,0.260163209
0.562438816,1.31072847,0.029509062,1.481811597,0.200592189
0.215720843,1.121587511,0.01372709,1.039077307,-0.068783114
0.133198787,0.731236033,-0.33536336,1.521694073,0.45509468
0.263545577,0.728446958,-0.403325831,0.952470755,-0.179302034
0.815804661,1.552854357,0.144952027,1.739411362,0.331509032
0.669196111,1.464297163,0.129699107,1.149522995,-0.185075061
0.941575403,1.534115315,0.063327613,1.270975835,-0.199811867
0.628049055,1.502587024,0.188562496,1.267668437,-0.046356091
0.484811028,1.53070419,0.288298676,0.960494856,-0.281910658
0.775482946,1.639748442,0.252006969,0.893230457,-0.494511016
0.869590072,1.896788521,0.461993485,1.920201821,0.485406785
0.999968304,1.99127825,0.491294098,1.362782275,-0.137201877
0.971317947,1.965745963,0.48008699,1.755367233,0.26970826
0.569872015,1.713108723,0.428172716,1.32113064,0.036194633
0.006951825,0.53386544,-0.469610472,1.463827674,0.460351761
0.647556445,1.751872333,0.42809411,1.15563907,-0.168139153
0.984063993,1.939903316,0.44787132,1.64275557,0.150723573
0.396864302,1.069039931,-0.12939222,1.317824604,0.119392453
0.426815124,1.311805478,0.098397916,1.438528158,0.225120597
0.039642275,0.545169638,-0.474651499,1.037791985,0.017970848
0.72098745,1.164757761,-0.195735965,1.05029053,-0.310203195
0.836050427,1.739105966,0.321080753,1.6248739,0.206848686
0.734052946,1.61021732,0.243190847,1.098001992,-0.269024481
0.066441887,0.77915299,-0.254067953,1.272364829,0.239143886
0.742728808,1.729092246,0.357727842,1.843164301,0.471799897
0.111692732,0.796039147,-0.259807219,1.479315877,0.423469511
0.650512189,0.868292208,-0.456963886,0.901953887,-0.423302208
0.612400829,1.669500797,0.363300383,0.911761473,-0.394438942
0.85400651,1.667113615,0.24011036,1.487455416,0.060452161
0.864227943,1.912051685,0.479937713,1.589218105,0.157104133
0.655083513,1.596500971,0.268959214,1.672145563,0.344603806
0.290006711,0.864649153,-0.280354202,0.995208412,-0.149794944
0.880830939,1.768518759,0.32810329,0.976181983,-0.464233486
0.637876072,1.22332032,-0.095617716,1.682156516,0.36321848
0.949404793,1.787874827,0.313172431,1.480941047,0.006238651
0.928319611,1.939308315,0.475148509,1.547420092,0.083260286
0.11485386,0.604298355,-0.453128575,1.403432914,0.346005984
0.083788481,0.860213447,-0.181680794,1.278894771,0.237000531
0.026811481,0.558845449,-0.454560292,0.721294141,-0.2921116
0.192952787,0.636417868,-0.460058525,0.789310229,-0.307166165
0.766839252,1.600694553,0.217274927,1.74638799,0.362968364
0.424494318,1.26791112,0.055663961,1.241018827,0.028771668
0.484064099,1.091464106,-0.150567944,0.814128215,-0.427903834
0.961755987,1.879842421,0.398964427,1.304040734,-0.17683726
0.361315613,1.151383271,-0.029274536,1.401492592,0.220834785
0.805931937,1.80053176,0.397565792,1.825779042,0.422813074
0.213691035,0.813180142,-0.293665375,0.749743579,-0.357101938
0.872339688,1.707916396,0.271746552,1.747820759,0.311650915
0.922557504,1.547628164,0.086349412,1.477325165,0.016046413
0.249131225,0.665982254,-0.458583358,1.370297466,0.245731853
0.363360817,1.354603569,0.17292316,1.64249557,0.460815161
0.227378041,0.723554012,-0.390135008,1.132535563,0.018846543
0.377270847,1.253244488,0.064609065,0.915562955,-0.273072468
0.012323031,0.506862079,-0.499299437,1.149887714,0.143726199
0.530042905,1.16943569,-0.095585763,0.943846431,-0.321175021
0.008167829,0.520970604,-0.483113311,0.950168881,-0.053915034
0.505293924,0.920317052,-0.33232991,1.044433963,-0.208212999
0.405681749,1.200146358,-0.002694517,1.372861836,0.170020961
0.525314391,1.451103322,0.188446126,1.489452335,0.22679514
0.856647089,1.623970912,0.195647368,1.74675054,0.318426996
0.363678613,0.761171932,-0.420667374,0.76259192,-0.419247387
0.582076453,1.339979415,0.048941189,1.275363534,-0.015674692
0.012724604,0.498877059,-0.507485243,0.904495402,-0.1018669
0.356002732,1.350874062,0.172872696,0.753665393,-0.424335973
0.81507151,1.77133696,0.363801205,1.118747278,-0.288788477
0.655425038,1.663898004,0.336185484,1.511028159,0.183315639
0.531142032,1.650768256,0.38519724,1.460304854,0.194733838
0.102961653,0.846783007,-0.204697819,1.224924651,0.173443825
0.917283964,1.699460455,0.240818473,1.52763862,0.068996638
0.962208463,1.949907534,0.468803302,1.837831464,0.356727232
0.958788459,1.936819844,0.457425614,1.164697921,-0.314696309
0.094652902,0.650664563,-0.396661888,1.107653813,0.060327361
0.310177719,1.370094651,0.215005792,0.738546629,-0.416542231
0.436982682,1.206719416,-0.011771925,1.297293664,0.078802324
0.077519604,0.55062586,-0.488133942,1.24658156,0.207821758
0.784416013,1.347139055,-0.045068952,1.6433266,0.251118593
0.522905078,1.257849578,-0.003602961,1.605186361,0.343733823
0.188740649,0.817995502,-0.276374823,0.619095424,-0.4752749
0.039794828,0.594818192,-0.425079222,1.318185868,0.298288454
0.333680644,1.399293792,0.23245347,1.636511444,0.469671122
0.571788133,1.663898761,0.378004695,1.331794249,0.045900182
0.289087172,0.755528734,-0.389014852,0.924121337,-0.220422249
0.046874462,0.54915154,-0.474285691,1.273164782,0.24972755
0.820558414,1.499990943,0.089711736,0.968509542,-0.441769665
0.734309309,1.594669138,0.227514483,1.556415112,0.189260458
0.925644432,1.704856009,0.242033793,1.136180639,-0.326641577
0.471263912,1.170461461,-0.065170495,1.504951238,0.269319282
0.045243755,1.052288873,0.029666995,1.139830615,0.117208737
0.526019076,1.502615425,0.239605887,1.325950588,0.06294105
0.541542054,1.196672206,-0.074098821,1.750968836,0.480197809
0.78912154,1.779346569,0.384785799,1.669020827,0.274460056
0.943767506,1.887882748,0.415998995,1.437317053,-0.034566701
0.535467431,1.244436649,-0.023297066,1.739258461,0.471524746
0.488515736,1.25283282,0.008574952,1.729299126,0.485041258
0.215355033,1.33876047,0.231082954,1.468360962,0.360683445
0.341910289,0.824483397,-0.346471747,0.691320294,-0.47963485
0.612327285,1.479211458,0.173047816,1.275598877,-0.030564766
0.568959686,1.09426902,-0.190210823,1.1788209,-0.105658943
0.862993768,1.806934813,0.375437928,1.450506669,0.019009785
0.475048213,1.079493725,-0.158030381,1.322270821,0.084746714
0.962763202,1.908807449,0.427425848,1.380571872,-0.100809729
0.572444497,1.238823585,-0.047398663,1.669308574,0.383086325
0.693268095,1.278311921,-0.068322126,1.69687113,0.350237083
0.963926783,1.908641782,0.426678391,1.253050385,-0.228913007
0.633916665,1.498737243,0.18177891,1.528152646,0.211194314
0.801045516,1.686341208,0.28581845,1.557172699,0.156649941
0.410826426,1.364326214,0.158913001,1.285849196,0.080435983
0.209262732,0.84034097,-0.264290396,1.191043814,0.086412448
0.09815309,0.580123322,-0.468953223,1.062300905,0.01322436
0.216614632,0.938439961,-0.169867355,0.613426715,-0.494880601
0.811738238,1.71218212,0.306313001,1.721050222,0.315181103
0.314869627,1.019927233,-0.13750758,0.693507177,-0.463927636
0.573873373,0.912445133,-0.374491554,0.851202147,-0.43573454
0.619854189,1.298162048,-0.011765046,1.568640443,0.258713349
0.040046045,0.530549352,-0.489473671,1.165967148,0.145944126
0.323769837,1.036916918,-0.124968,0.739133051,-0.422751868
0.07674603,0.535796368,-0.502576647,0.622596267,-0.415776748
0.19207939,0.763584114,-0.332455581,0.758516314,-0.337523381
0.086252711,0.553884346,-0.48924201,0.875062654,-0.168063702
0.941870643,1.946957227,0.476021906,1.499036855,0.028101533
0.997906557,1.961577953,0.462624674,1.04027541,-0.458677869
0.830575365,1.639819057,0.224531374,1.82406969,0.408782008
0.59018767,1.060167418,-0.234926417,1.569504483,0.274410648
0.489472702,1.470940641,0.22620429,1.474695193,0.229958842
0.404016027,1.002180303,-0.199827711,1.040746992,-0.161261022
0.108591363,1.146807425,0.092511743,1.160706857,0.106411176
0.183733205,0.595694008,-0.496172595,0.621048137,-0.470818465
0.02426636,0.528878634,-0.483254546,1.059921526,0.047788346
0.85645958,1.491495895,0.063266105,1.167805671,-0.260424119
0.419981635,1.122706108,-0.087284709,0.96658296,-0.243407858
0.544997455,1.442875683,0.170376956,1.185406767,-0.08709196
0.267219904,0.941656209,-0.191953743,1.059887601,-0.073722351
0.122712669,0.693821936,-0.367534399,0.873051917,-0.188304417
0.902361436,1.707448529,0.256267811,1.88573167,0.434550952
0.396063227,1.20783605,0.009804436,1.645817556,0.447785943
0.164417799,0.8640448,-0.2181641,1.391802518,0.309593619
0.915846684,1.847345789,0.389422448,1.371655819,-0.086267522
0.005289305,0.499085824,-0.503558829,1.268610062,0.26596541
0.035884573,0.806649914,-0.211292373,0.756696406,-0.261245881
0.624062404,1.489341739,0.177310537,1.032162956,-0.279868246
0.747093836,1.407881582,0.034334664,1.639354836,0.265807918
0.770567748,1.58681887,0.201534997,1.545370741,0.160086867
0.856297587,1.77893007,0.350781276,1.615065008,0.186916214
0.078213228,0.588811245,-0.450295369,1.490189244,0.45108263
0.011517504,0.596275566,-0.409483186,0.692030984,-0.313727768
0.715828365,1.654248662,0.29633448,1.454470679,0.096556496
0.097854193,0.674747749,-0.374179347,0.620617943,-0.428309153
0.482057196,1.477405778,0.23637718,0.809908953,-0.431119645
0.097903196,0.959274136,-0.089677462,0.61721413,-0.431737468
0.588087141,1.185339383,-0.108704188,1.367110324,0.073066753
0.27636556,1.133967642,-0.004215138,0.732738986,-0.405443794
0.594714025,1.596696935,0.299339922,1.41279192,0.115434907
0.806891075,1.377164918,-0.026280619,1.816841055,0.413395518
0.413577447,1.259427098,0.052638375,1.698387401,0.491598678
0.078651285,0.575745386,-0.463580257,0.752553615,-0.286772027
0.659357149,1.641567726,0.311889152,1.164150609,-0.165527966
0.876759127,1.664345267,0.225965703,1.150041124,-0.28833844
0.281354368,0.829495586,-0.311181598,1.629194726,0.488517542
0.744715123,1.262203268,-0.110154294,1.835578757,0.463221195
0.167614299,1.027128927,-0.056678223,1.377987626,0.294180476
0.84750768,1.461380134,0.037626294,1.63820169,0.21444785
0.431381928,1.262825217,0.047134253,1.371449556,0.155758592
0.360914183,1.00348628,-0.176970812,0.96160306,-0.218854031
0.524604074,1.194321352,-0.067980685,1.671743639,0.409441602
0.970919756,1.840902533,0.355442655,1.377946195,-0.107513684
0.117474392,0.714096419,-0.344640777,1.356191842,0.297454646
0.609934008,1.718438697,0.413471693,0.949790004,-0.355177
0.906824135,1.90015251,0.446740442,1.529179231,0.075767164
0.551994305,1.69528393,0.419286777,1.301910231,0.025913079
0.582603697,1.460701404,0.169399555,1.513557058,0.222255209
0.277998553,0.80600866,-0.332990616,1.096218296,-0.04278098
0.721552771,1.672838876,0.31206249,0.909988565,-0.45078782
0.16766139,0.639829391,-0.444001304,1.327909724,0.244079029
0.2686464,0.819928629,-0.314394571,1.233369624,0.099046424
0.868011957,1.860033823,0.426027845,1.482527815,0.048521837
0.646154786,1.38513998,0.062062587,1.434383284,0.111305891
0.113619353,0.648509401,-0.408300276,1.352007286,0.295197609
0.641926962,1.426129507,0.105166027,1.01588412,-0.305079361
0.621165298,1.477451698,0.166869049,1.631378591,0.320795941
0.2609979,1.324898326,0.194399376,1.373038818,0.242539868
0.775410187,1.806665002,0.418959909,1.672076019,0.284370926
0.619136549,1.473884237,0.164315963,1.277464928,-0.032103347
0.699890043,1.551115105,0.201170084,1.139003324,-0.210941697
0.215468759,0.66114635,-0.446588029,1.122636995,0.014902616
0.871922834,1.866789918,0.430828501,1.820776035,0.384814618
0.024036444,0.606558465,-0.405459757,1.313302365,0.301284143
0.506154588,1.381426102,0.128348809,1.260423886,0.007346592
0.304033779,0.95725958,-0.194757309,1.339967193,0.187950303
0.083908912,0.567603721,-0.474350735,1.434626967,0.392672511
0.288147119,1.33459374,0.190520181,0.991882399,-0.152191161
0.773902296,1.440702826,0.053751678,0.978825791,-0.408125357
0.961405833,1.845900849,0.365197932,1.514735788,0.034032871
0.382169582,1.333884473,0.142799682,0.887146545,-0.303938246
0.387239997,0.995006158,-0.198613841,0.715221054,-0.478398944
0.496043527,1.583260675,0.335238911,0.958736241,-0.289285523
0.693117489,1.356397272,0.009838527,1.430942483,0.084383738
0.786023514,1.756328904,0.363317147,1.651375303,0.258363546
0.07029067,0.540980898,-0.494164437,0.880864917,-0.154280418
0.99851104,1.990553652,0.491298132,1.02423033,-0.475025189
0.920789031,1.927561581,0.467167065,1.168574152,-0.291820364
0.769899343,1.709551113,0.324601441,1.866601032,0.481651361
0.390912271,1.167430134,-0.028026002,1.487593118,0.292136982
0.118263352,1.023112623,-0.036019053,1.259487494,0.200355818
0.908055512,1.603254758,0.149227002,1.559954501,0.105926745
0.655045053,1.364902775,0.037380249,1.601065023,0.273542497
0.173105599,1.101169558,0.014616759,1.091121887,0.004569087
0.735106907,1.728136775,0.360583322,1.697893757,0.330340304
0.00199648,0.498272437,-0.502725803,1.114241253,0.113243013
0.509875231,1.148160906,-0.10677671,1.278801953,0.023864337
0.954596642,1.929848459,0.452550139,1.93562254,0.458324219
0.893355045,1.852424769,0.405747247,1.56066202,0.113984497
0.254298428,1.304668885,0.177519671,1.179949588,0.052800373
0.319943584,1.218913303,0.058941511,1.239234642,0.07926285
0.964666032,1.906116897,0.423783881,1.402137348,-0.080195668
0.413762167,0.876779986,-0.330101098,1.095516434,-0.11136465
0.903560715,1.582841733,0.131061375,1.792644752,0.340864394
0.003031486,0.593057712,-0.408458031,1.274857736,0.273341993
0.070870271,0.671499064,-0.363936071,0.68989293,-0.345542206
0.950727125,1.942804623,0.46744106,1.395800038,-0.079563525
0.802618442,1.577360766,0.176051544,0.966756603,-0.434552618
0.06573205,0.625233859,-0.407632167,1.199436385,0.16657036
0.483539787,1.308777601,0.067007707,1.648133659,0.406363765
0.512560866,1.166723932,-0.089556501,1.564180296,0.307899863
0.479339051,1.176240579,-0.063428947,1.024948325,-0.2147212
0.763169087,1.582281137,0.200696594,1.755667306,0.374082762
0.222773819,0.645319646,-0.466067264,1.425867927,0.314481018
0.226871893,0.699444779,-0.413991168,0.977824987,-0.135610959
0.603975575,1.320393333,0.018405546,1.7333877,0.431399912
0.152421585,1.065866065,-0.010344728,1.237099399,0.160888607
0.356712699,0.789443948,-0.388912402,1.006351581,-0.172004769
0.838900835,1.624435728,0.204985311,1.865257127,0.445806709
0.253178219,1.411507605,0.284918496,1.224791338,0.098202228
0.536242387,1.311575992,0.043454799,1.294441423,0.026320229
0.626037241,1.665520817,0.352502197,0.834331838,-0.478686783
0.784456615,1.45208161,0.059853303,1.325819806,-0.066408502
0.511607376,1.316306084,0.060502396,1.309174147,0.053370459
0.772279733,1.520598317,0.13445845,1.725966926,0.33982706
0.270475974,0.803534743,-0.331703244,0.900045641,-0.235192346
0.531066117,1.231400223,-0.034132835,1.6163017,0.350768641
0.963111157,1.966983213,0.485427634,1.016781099,-0.464774479
0.650573979,1.744676255,0.419389265,1.589852179,0.26456519
0.900401497,1.901006111,0.450805363,1.557126317,0.106925569
0.721136762,1.529832648,0.169264267,1.263435288,-0.097133093
0.400552433,0.872808763,-0.327467453,0.952970683,-0.247305534
0.893596338,1.575946972,0.129148803,1.181399792,-0.265398377
0.03905893,0.653382295,-0.36614717,1.445439545,0.42591008
0.190757274,0.916616542,-0.178762094,1.367944165,0.272565528
0.097193195,0.87830188,-0.170294718,0.705267048,-0.343329549
0.706771407,1.571268823,0.21788312,1.841219233,0.48783353
0.374908694,1.542330697,0.35487635,1.617604301,0.430149954
0.538949456,1.473798696,0.204323969,0.976365219,-0.293109508
0.936156285,1.928798986,0.460720844,1.895159071,0.427080928
0.671815261,1.131575397,-0.204332234,0.934696897,-0.401210734
0.967610121,1.957871555,0.474066494,1.212139315,-0.271665746
0.843053144,1.796162493,0.374635921,0.926515934,-0.495010638
0.822262543,1.680728036,0.269596764,1.346853419,-0.064277852
0.86910664,1.556543599,0.121990279,1.407771781,-0.02678154
0.654059577,1.585997245,0.258967457,1.024955002,-0.302074787
0.98527627,1.879629647,0.386991512,1.407767025,-0.08487111
0.965502906,1.903319705,0.420568252,1.60458966,0.121838208
0.791883353,1.661388063,0.265446386,1.790166158,0.394224481
0.239759792,1.171380163,0.051500267,1.463442534,0.343562638
0.959399841,1.935713605,0.456013684,1.57674132,0.097041399
0.765637225,1.435901453,0.053082841,1.584803358,0.201984745
0.405808013,1.003109631,-0.199794376,1.367744888,0.164840882
0.129508583,0.654208057,-0.410546235,0.748186405,-0.316567887
0.308274008,1.454882571,0.300745567,0.845164538,-0.308972466
0.635966498,1.390140753,0.072157504,1.170416205,-0.147567044
0.93724205,1.90234568,0.433724655,1.471449692,0.002828667
0.857105972,1.667837006,0.23928402,1.652638762,0.224085776
0.755577814,1.613623144,0.235834237,1.835922975,0.458134068
0.269613437,1.284776541,0.149969822,1.123852021,-0.010954697
0.206530239,1.192929182,0.089664063,1.462999917,0.359734797
0.795737645,1.855497482,0.457628659,1.72769975,0.329830928
0.950670665,1.758793707,0.283458375,1.066845192,-0.408490141
0.987665658,1.839197665,0.345364836,1.696694162,0.202861332
0.421414665,1.270900139,0.060192807,1.476896777,0.266189444
0.660839035,1.305723085,-0.024696433,0.983023102,-0.347396415
0.500657142,0.840140365,-0.410188206,1.032273363,-0.218055208
0.311745337,0.744616455,-0.411256214,0.997965028,-0.15790764
0.922931616,1.604384531,0.142918724,1.224373805,-0.237092003
0.255393734,0.742371364,-0.385325503,1.612826941,0.485130075
0.538018065,1.043805099,-0.225203934,1.093171248,-0.175837784
0.345396504,0.766713303,-0.405984949,1.009301006,-0.163397246
0.458825791,1.407685214,0.178272318,0.87712515,-0.352287746
0.347737936,1.078021549,-0.095847419,0.815854017,-0.358014951
0.805993962,1.736105572,0.333108591,1.390337391,-0.012659589
0.324719505,1.283222852,0.120863099,0.988965595,-0.173394158
0.401637378,0.92793158,-0.272887109,0.940718621,-0.260100067
0.91556651,1.667946513,0.210163258,1.162528679,-0.295254576
0.060958568,0.861800429,-0.168678854,1.230831508,0.200352225
0.37692728,1.087456232,-0.101007408,1.097032211,-0.091431429
0.56437573,1.315342682,0.033154817,1.768228691,0.486040826
0.848936127,1.54681381,0.122345746,1.593110855,0.168642791
0.476529113,0.879990921,-0.358273636,1.223918229,-0.014346327
0.271678808,1.253567127,0.117727723,1.414783342,0.278943938
0.379570628,1.198941314,0.009156,1.327667854,0.13788254
0.064758821,0.628647328,-0.403732083,1.182635978,0.150256568
0.854497423,1.499462581,0.07221387,1.289054065,-0.138194646
0.658041779,1.372919743,0.043898853,1.5883866,0.25936571
0.770607902,1.763648568,0.378344617,0.977498298,-0.407805653
0.441632143,1.099594489,-0.121221583,1.217148523,-0.003667549
0.043741705,0.557988189,-0.463882663,1.291700219,0.269829367
0.836587108,1.359343793,-0.058949761,1.029105483,-0.38918807
0.334867723,1.309507317,0.142073455,1.092072897,-0.075360964
0.754204742,1.428968962,0.051866591,1.00261694,-0.374485431
0.317088857,1.08991303,-0.068631398,1.273365206,0.114820777
0.410933335,1.366970081,0.161503413,1.149236823,-0.056229845
0.30292534,0.757745468,-0.393717202,1.547912474,0.396449803
0.077028529,0.596422959,-0.442091305,0.570949524,-0.467564741
0.006186934,0.497782552,-0.505310916,1.204408812,0.201315344
0.112630573,0.673738392,-0.382576894,1.087575772,0.031260486
0.74041914,1.493731764,0.123522194,1.397770679,0.02756111
0.922067803,1.708125361,0.24709146,1.495387998,0.034354096
0.436101032,1.033160584,-0.184889932,1.033368477,-0.184682039
0.572935192,1.123797375,-0.162670221,1.710788304,0.424320708
0.807601358,1.641268624,0.237467945,1.873321691,0.469521012
0.890285606,1.874262106,0.429119302,1.118073183,-0.32706962
0.279228582,1.102756174,-0.036858117,1.137536617,-0.002077674
0.178117066,0.624528574,-0.464529959,0.931380106,-0.157678427
0.678724457,1.563078361,0.223716133,1.100902982,-0.238459246
0.009460637,0.499663353,-0.505066965,0.584944501,-0.419785818
0.812047603,1.287662546,-0.118361255,1.849540797,0.443516995
0.254684002,0.850328142,-0.277013859,1.053844543,-0.073497458
0.904350429,1.859028472,0.406853257,1.38233122,-0.069843995
0.597952129,1.432667583,0.133691519,1.362851726,0.063875662
0.75585979,1.548239419,0.170309524,1.819176987,0.441247092
0.744520952,1.662457975,0.290197499,0.970814443,-0.401446034
0.469582294,1.074212419,-0.160578728,0.81099673,-0.423794417
0.913477973,1.838472492,0.381733505,1.181018846,-0.275720141
0.105800025,0.783322686,-0.269577327,0.805894891,-0.247005122
0.808391353,1.191450818,-0.212744858,1.549947317,0.145751641
0.93610237,1.821958536,0.35390735,1.318252817,-0.149798369
0.207482813,1.020836516,-0.08290489,1.033163063,-0.070578344
0.638361275,1.109235528,-0.209945109,0.977385947,-0.34179469
0.373765311,0.984906689,-0.201975967,1.429886141,0.243003486
0.965266516,1.916206804,0.433573546,1.810725553,0.328092295
0.62835641,0.89712352,-0.417054685,1.409252223,0.095074018
0.309738459,1.00348103,-0.1513882,0.891419147,-0.263450082
0.646982178,1.533474051,0.209982961,1.302079906,-0.021411184
0.316117054,1.195985868,0.037927341,1.564817525,0.406758997
0.509365647,1.5813169,0.326634076,1.479715526,0.225032703
0.339422907,0.976215097,-0.193496357,1.311427137,0.141715684
0.498753305,1.168173265,-0.081203387,1.485423089,0.236046437
0.609650071,1.307812518,0.002987483,1.685866648,0.381041612
0.048267754,0.58746805,-0.436665826,0.915034401,-0.109099476
0.082998789,0.689485272,-0.352014123,1.267978277,0.226478882
0.046054587,0.865468621,-0.157558672,0.576475759,-0.446551534
0.229790243,1.059525052,-0.055370069,1.402369768,0.287474646
0.104122165,0.678587523,-0.373473559,0.9748945,-0.077166582
0.051372519,0.69944657,-0.32623969,0.781533943,-0.244152316
0.349549995,1.18843894,0.013663942,1.436401188,0.261626191
0.489285397,1.546179821,0.301537123,0.95010406,-0.294538638
0.333937525,1.044382815,-0.122585948,1.565948671,0.398979909
0.799302702,1.834876978,0.435225627,1.495545078,0.095893727
0.775557693,1.66321385,0.275435004,1.172436078,-0.215342768
0.791928939,1.635453098,0.239488629,1.577552212,0.181587743
0.882795403,1.689976738,0.248579036,1.544833019,0.103435318
0.357123597,1.148254493,-0.030307306,0.790210269,-0.38835153
0.43230625,1.205611536,-0.010541589,0.811817801,-0.404335324
0.008733765,0.573284777,-0.431082106,0.714934081,-0.289432801
0.142298176,0.794214543,-0.276934545,1.04570526,-0.025443828
0.663022065,1.594083865,0.262572832,0.864096764,-0.467414268
0.661270895,1.475443388,0.14480794,0.965323669,-0.365311778
0.766228443,1.563787648,0.180673426,1.194871465,-0.188242757
0.554021185,1.347783364,0.070772772,1.182895283,-0.094115309
0.403444614,1.31665879,0.114936484,1.137601059,-0.064121248
0.22474167,0.703475099,-0.408895736,0.663677567,-0.448693268
0.507716875,1.016056122,-0.237802316,0.901911931,-0.351946507
0.483672439,1.19410905,-0.047727169,1.309185473,0.067349253
0.9070268,1.520552011,0.067038611,1.701295938,0.247782538
0.227480115,0.913791329,-0.199948729,0.911774545,-0.201965513
0.871225764,1.618429861,0.182816979,1.502840134,0.067227252
0.807640599,1.651450455,0.247630156,1.35958899,-0.044231309
0.252797752,1.055909564,-0.070489312,1.414488114,0.288089237
0.328191946,1.20890473,0.044808757,0.911244415,-0.252851557
0.215565491,0.636132351,-0.471650395,0.975034605,-0.13274814
0.417166228,0.734004565,-0.474578549,1.162063307,-0.046519807
0.921212384,1.638966953,0.178360761,1.799505233,0.338899041
0.490552589,1.114404379,-0.130871915,1.711525849,0.466249555
0.614518596,0.922617079,-0.384642219,1.484489777,0.177230479
0.616883338,1.600425887,0.291984218,1.054134439,-0.25430723
0.658681427,1.635489456,0.306148743,0.960551726,-0.368788987
0.940404718,1.919759189,0.44955683,1.002204165,-0.467998194
0.898779079,1.889062008,0.439672469,1.746526163,0.297136623
0.343901891,1.06387388,-0.108077066,1.506666259,0.334715314
0.989175626,1.970869507,0.476281694,1.771707011,0.277119199
0.647884165,1.286056467,-0.037885616,0.948941352,-0.37500073
0.734381566,1.491800611,0.124609828,1.369606136,0.002415354
0.793801827,1.680142945,0.283242032,1.287926557,-0.108974356
0.452218725,1.071564743,-0.154544619,1.038636328,-0.187473034
0.759887045,1.426438429,0.046494907,1.63859538,0.258651858
0.775956824,1.760353349,0.372374937,1.423635995,0.035657583
0.212161941,0.985360709,-0.120720261,1.309887858,0.203806888
0.05116117,0.520647224,-0.50493336,1.251006699,0.225426115
0.94567404,1.950144632,0.477307612,1.413542397,-0.059294623
0.218857014,0.68498508,-0.424443427,1.307820153,0.198391646
0.010198384,0.638802192,-0.366297,0.876086391,-0.129012801
0.558245767,1.509256075,0.230133192,1.146629859,-0.132493024
0.751350561,1.361275039,-0.014400241,1.678293843,0.302618562
0.897027094,1.771710902,0.323197355,1.762358167,0.31384462
0.810395389,1.876329642,0.471131947,1.167321949,-0.237875746
0.028262613,0.729232444,-0.284898863,0.77868391,-0.235447396
0.483662765,1.460204858,0.218373475,1.23692345,-0.004907933
0.385009938,1.298111483,0.105606514,1.143115117,-0.049389851
0.27011205,0.870397153,-0.264658872,1.596237158,0.461181133
0.932684932,1.856864675,0.390522209,1.101120757,-0.365221708
0.832168615,1.663875872,0.247791565,1.903288991,0.487204684
0.244096582,0.721789173,-0.400259118,1.009191507,-0.112856784
0.410594012,0.932777771,-0.272519234,1.16349644,-0.041800566
0.093476366,0.655200455,-0.391537728,1.127916017,0.081177834
0.012051527,0.501850424,-0.504175339,0.925987757,-0.080038006
0.160678176,0.762667107,-0.317671981,1.357150874,0.276811786
0.650201742,1.406494183,0.081393311,1.257813929,-0.067286942